"","X","Y"
"1",-1.12095129310443,-2.72021579022054
"2",-0.46035497896656,-2.37914082386065
"3",3.11741662829825,1.99036032724054
"4",0.141016782849152,-0.17268935686152
"5",0.258575470321892,-4.93061149379163
"6",3.43012997376656,4.31073139438702
"7",0.921832411978405,1.09864253975634
"8",-2.53012246921307,3.18783514130816
"9",-1.37370570378705,0.47748776864061
"10",-0.891323940199916,-1.47327917905393
"11",2.44816359487892,7.18608863058749
"12",0.719627654114728,6.13221002300559
"13",0.801542901188104,-1.91642074680809
"14",0.221365431890239,1.0819514426395
"15",-1.11168226950815,-1.1450873124446
"16",3.57382627360616,2.69708937095203
"17",0.995700956458479,1.10229107883564
"18",-3.93323431325928,-5.08040322935663
"19",1.40271180312737,1.48294183251791
"20",-0.945582815455868,2.88386589623728
"21",-2.13564741197369,-1.7163508260525
"22",-0.43594982931659,-0.609220810452691
"23",-2.05200889661448,1.46333822987552
"24",-1.45778245858228,0.849233883287414
"25",-1.25007853569851,-4.1095406849666
"26",-3.37338662148483,-1.73558735744076
"27",1.67557408898905,4.39621762719835
"28",0.30674623567303,3.02993775302575
"29",-2.2762738740239,-0.639674810487072
"30",2.50762984213985,3.07240101161669
"31",0.852928442953627,-1.83946693645751
"32",-0.590142965984542,0.216670205872794
"33",1.79025132209004,-0.745234511017116
"34",1.75626697506608,0.225537397599067
"35",1.64316216327497,2.93926277368794
"36",1.37728050820018,-1.37855389305217
"37",1.10783530707518,1.25392945134498
"38",-0.123823421153443,0.776178855193349
"39",-0.611925327479834,-0.287927523182632
"40",-0.760942002024765,3.14976534235473
"41",-1.38941395784103,-2.94781372974717
"42",-0.415834556039198,0.941968061445721
"43",-2.53079270313653,-1.82287639194008
"44",4.33791193067703,2.29797826727222
"45",2.41592399660998,2.49853306550125
"46",-2.2462171664067,-3.50084233953221
"47",-0.805769670598152,-3.15065211892561
"48",-0.933310707246438,-1.59561371067703
"49",1.55993023667264,4.51746895334811
"50",-0.166738132943659,0.0031497628116621
"51",0.50663702798951,0.992182864648953
"52",-0.057093510697406,-0.416804057308393
"53",-0.0857409145826322,0.88525386942894
"54",2.73720456802892,-0.124176116815496
"55",-0.451541971318535,2.02231865178023
"56",3.03294120885908,3.1408223062411
"57",-3.09750560846044,-3.6262842908827
"58",1.16922749927214,0.869104366150874
"59",0.247708487689228,1.59367375599624
"60",0.431883137487945,1.39618600347637
"61",0.759278965519764,3.45739935934161
"62",-1.0046469062186,-1.87899599883179
"63",-0.66641476733884,1.79910363221054
"64",-2.03715076621418,0.748948021843223
"65",-2.14358245295116,-1.71829485822396
"66",0.607057282808516,-1.55726615181823
"67",0.896419557258852,-1.59561766955078
"68",0.106008453461008,0.984479410639597
"69",1.84453493575948,1.05669424080187
"70",4.10016937125429,6.22331542501819
"71",-0.982062332113071,0.431935405118913
"72",-4.61833775128162,-3.74580928866005
"73",2.01147704892451,-0.743624415193295
"74",-1.41840152516479,-2.08676434056761
"75",-1.37601723293472,-0.208634415612903
"76",2.0511427393934,0.431373486492407
"77",-0.569546014102018,0.658255331295069
"78",-2.44143542450907,-2.25560913027046
"79",0.3626069594983,0.0245747060849444
"80",-0.277782724878089,-1.64157811678641
"81",0.0115283717997739,3.81758061148726
"82",0.770560802252661,1.16610798440502
"83",-0.741320063584819,-0.0205907603312307
"84",1.28875309703767,-2.54603531669365
"85",-0.440973123637501,1.03295126873428
"86",0.663563927831394,-1.61593062466902
"87",2.1936780262987,-0.357152431614443
"88",0.870362981667606,2.40241828012724
"89",-0.651863171062454,-1.32911235420705
"90",2.29761523690219,-2.00329465601994
"91",1.98700771192424,4.83136323252947
"92",1.09679391901614,-4.04189780342455
"93",0.477463470222882,1.45597431536404
"94",-1.25581215207874,1.21822059931804
"95",2.72130489706002,0.506912449767941
"96",-1.20051917429425,0.108236639531843
"97",4.37466598603315,3.72179366769866
"98",3.06522125237038,4.07364011986977
"99",-0.471400718200954,0.661788309074424
"100",-2.05284180061356,-1.82411472858386
"101",-1.4208131273986,0.908455583071331
"102",0.513767418313059,1.93519353492302
"103",-0.493383756924747,-2.19383751027267
"104",-0.695085198795466,-3.25338024720851
"105",-1.90323713453003,-0.916549057458165
"106",-0.0900554496178405,-0.606460791801962
"107",-1.56980893891415,-2.99145403541879
"108",-3.33588387317627,-2.00046315853451
"109",-0.760453040575525,-3.1342875293479
"110",1.83799321812153,1.51714829443139
"111",-1.15069392521678,-1.99780782647475
"112",1.21592864445007,2.70468216727751
"113",-3.23576541657833,2.74573076154715
"114",-0.111123931049079,-1.90418904255549
"115",1.03881440788692,2.79055770701245
"116",0.602306724333429,2.0417988263533
"117",0.211352388297887,-0.00300939621709101
"118",-1.28141201661075,-1.74021055891102
"119",-1.69940869206716,2.04599976383131
"120",-2.04825758120983,-5.34228306425888
"121",0.235293194200252,-1.13344900695716
"122",-1.8949492283696,-4.10540388575579
"123",-0.981114887401337,2.15290220108129
"124",-0.512184384396494,-0.714326715147436
"125",3.68772401046441,1.34767820786253
"126",-1.30389980339092,5.52055407592856
"127",0.470773144569714,0.205928008195058
"128",0.155921699127422,-0.786149519300223
"129",-1.92371326826026,-0.650683124096878
"130",-0.142616172247197,-3.22954975347062
"131",2.8891017168467,2.85852140129449
"132",0.903008106158429,0.394628866843045
"133",0.0824658439858799,0.990653043651114
"134",-0.84499366467925,-2.51398715391722
"135",-4.10649444308103,-4.71518907229856
"136",2.26267442682835,0.0839090508860587
"137",-2.92128014184964,-3.43481123838783
"138",1.47989502175467,3.56003169750771
"139",3.81820713843497,5.64012576359891
"140",-2.8877863219436,-2.19084501534147
"141",1.40356867074942,0.194446514817763
"142",-0.524394978804936,-0.998934397066546
"143",-3.14428831829098,-1.9053144511831
"144",-3.0293353075635,-1.77525948251417
"145",-3.20307234714919,-1.50192825011583
"146",-1.06181304434061,-2.18353636091391
"147",-2.9235111699918,-3.59407503813531
"148",1.37583354595166,3.28844713236074
"149",4.20021788105134,1.63288690047673
"150",-2.57406095207036,-1.06704822839483
"151",1.57547769495036,0.910119434111068
"152",1.53808448200182,-0.915943871000155
"153",0.664405157900235,1.61398717145817
"154",-2.01675321655402,-0.964679843774201
"155",-0.238905213261317,2.64427832380516
"156",-0.560790670340493,-0.129594766467345
"157",1.12597906644096,0.0687948767849177
"158",-0.744877512207658,0.0724194436757504
"159",1.95394677337124,-1.10111789537937
"160",-0.749161715534028,-2.15874322188431
"161",2.10542293115866,2.38907140753199
"162",-2.09835401333213,-2.03017191111378
"163",-2.52031048951622,-1.77012371089047
"164",6.48207986988481,3.98290849658123
"165",-0.833715176320864,-1.84294010215762
"166",0.596455183081431,-3.6496814491619
"167",1.2731393480677,1.52521051659719
"168",-0.967561251417487,0.894364201872351
"169",1.03372408862722,-1.90551181309256
"170",0.737929054770172,3.44445932251782
"171",-0.430761015283387,0.490314987440268
"172",0.130586067050631,2.76816153357065
"173",-0.068134507476928,-1.95862837234458
"174",4.25690379803236,3.10055004542954
"175",-1.48267219254566,-1.16376484303229
"176",-2.19199253414933,0.112219716566489
"177",0.0755767983421576,-1.10259421690298
"178",0.620961498886274,0.383429630371156
"179",0.873046957820366,-2.98983777490465
"180",-0.916730665422211,-2.15111781826544
"181",-2.12665226794238,-1.13225620683233
"182",2.52637035217898,0.229497744139891
"183",-0.699300775907109,-0.541684475962581
"184",-1.73102572530675,-2.06101866929983
"185",-0.472559137882193,0.906696832699555
"186",-0.394351788697104,2.08064795484601
"187",2.21984057942728,-0.202106448987313
"188",0.169474584394393,-0.503914637333101
"189",1.50810757036904,3.85979243747936
"190",-0.998584034344522,-5.04692613069135
"191",0.428890619163203,-0.360896681025388
"192",-0.649371822981669,3.7073168833486
"193",0.189167056347143,4.51013872475415
"194",-1.79072671595508,-0.850781718670505
"195",-2.62160306665594,-3.43125989455364
"196",3.99442676949593,2.92729223915323
"197",1.20141764734484,-0.524627321119896
"198",-2.50254272324989,1.27898179447054
"199",-1.22233183336084,-2.40748100309064
"200",-2.37096016919462,-0.795300919559008
"201",4.39762069776744,4.09815360268622
"202",2.62482595286702,0.191116547971866
"203",-0.530290113392706,1.35836078930711
"204",1.08638811846418,-0.789707664830896
"205",-0.828679895837719,0.721837727013443
"206",-0.952493789231157,1.57420230320685
"207",-1.57720567570049,-3.00206953397173
"208",-1.18923453491902,1.44298763426183
"209",3.30181493467338,1.16711396511287
"210",-0.108056250170881,0.518470214262863
"211",0.238490472855168,0.558693751933399
"212",0.487374859198184,-0.537599114197584
"213",2.46495175697068,2.13842438202651
"214",-1.03212766188956,-3.13174483107589
"215",-1.98501430078407,-1.56253303987958
"216",3.35139386480638,3.82998767545449
"217",-0.882326433810571,-4.9217614804355
"218",-1.44613193987975,-3.91583813563835
"219",-2.47254623776659,-3.93103016974223
"220",-2.56943144463559,-4.84830982730399
"221",-1.14794695859597,0.0930005555053347
"222",1.23597163433306,-1.18247513719553
"223",2.21969627785944,-2.88629159004931
"224",1.41517670767118,-0.355272670174635
"225",-0.727314594190505,-1.25402498917344
"226",0.119499874769201,1.7912458661562
"227",-1.40919292736014,-3.12347967478175
"228",-1.43443632314802,1.39019490143118
"229",1.76930099795384,1.94677107992721
"230",-2.03118515720709,-0.595566036913518
"231",3.91058793098493,0.836830814511198
"232",-0.180639187931703,3.78992028764047
"233",0.429077653258433,-0.0496411895763292
"234",-1.47705540947915,-4.60988118451811
"235",-1.14877737952654,-1.15441823947724
"236",-2.63403226461048,-5.58100911346092
"237",-0.365850776745455,-0.858823236457892
"238",0.837964809848928,-0.299776879977434
"239",0.64860868832276,1.78525502821661
"240",-1.5630729741095,1.00299493830381
"241",-1.577243941708,-2.47741849191251
"242",-1.00439743668572,0.959359402904332
"243",2.9921213396927,4.79352509013778
"244",-2.27460724133149,-3.04678271655076
"245",-0.358103188760397,-1.53757580569292
"246",3.80472364335785,3.77462709448997
"247",-0.201949770657617,0.23482858896042
"248",-2.71968140764279,-0.670242994079246
"249",-1.32953887054812,1.94516832323884
"250",0.970919957809756,1.40526421172913
"251",-0.751205743339547,1.61511880718004
"252",-1.12375272709957,0.515371652059671
"253",-0.687834468256919,0.420148375250712
"254",0.180993294278442,0.889814517649812
"255",3.19701754229165,4.66070801140573
"256",-0.177130224277768,-2.11965439320186
"257",2.16159899230303,-0.805326113318017
"258",1.26150823130113,2.00387235714016
"259",-0.227279791012281,-0.387111192424211
"260",-3.0658040057812,-1.84476218038786
"261",-1.04223463510504,0.805102241524522
"262",-0.979740906276949,0.869758506618136
"263",0.0943088655230545,-0.46404024413357
"264",2.60039735533364,1.06517054297266
"265",4.58615794766219,3.12819988399616
"266",3.09516211796754,4.13789095526839
"267",-0.266301928657889,0.678944719730381
"268",-3.51305479111527,0.58252940742146
"269",-0.777559728143487,-0.52068756413321
"270",0.178414446146589,2.36730460043679
"271",1.69002600813487,2.86452152732216
"272",1.92505593696854,2.47545328082969
"273",1.36861885883293,1.71900367179833
"274",-2.79054869959894,-2.37362144902434
"275",1.69928609126671,0.886460940984898
"276",-0.893114432854444,-0.121733389938455
"277",0.349605400322511,0.325021291568205
"278",0.149102354347469,1.9833654670983
"279",0.856333529941011,0.337982548088795
"280",0.0493499656522799,-0.108676365501673
"281",-3.33495019517133,-3.13635580199269
"282",1.47299192954688,0.680772097118818
"283",0.772053136699352,0.36430325424689
"284",-0.531303250556445,-4.97281866066052
"285",0.236289022093361,-2.57607553006795
"286",0.268077290736927,0.0292764190750843
"287",0.442038937122004,-0.243242240599695
"288",3.28169233195497,-0.26863864064414
"289",-0.438100757866952,-4.26784184469956
"290",0.336130767769315,-0.490253440776799
"291",2.33676774613819,2.82589056637837
"292",2.10836204675384,4.91691259424512
"293",2.29052622076071,1.41192845607579
"294",-1.15493600211911,2.23566127987801
"295",4.00496546058566,2.76927186465262
"296",0.133401741860366,0.317775340728357
"297",3.73370368941372,3.07655802481641
"298",-2.70180537206142,-3.49732798236176
"299",0.041967172708475,-0.0761577635292581
"300",2.49982914193843,3.44178433984448
"301",-1.43048437444559,-2.42926641709401
"302",-1.50537793643548,-1.62170779845899
"303",-1.87707740721379,-3.51564181560747
"304",-2.10502655867747,-0.659562870241648
"305",-0.874319066360798,0.281292171643526
"306",0.662358345917964,1.72722762729484
"307",-4.02842099584144,-5.05809371033074
"308",0.423960866744584,0.490044632893507
"309",2.47335009283314,-0.28043782295815
"310",4.07514803648087,2.64807692628052
"311",2.60235198440117,4.37677662987292
"312",1.51354952759192,-0.0232433809338011
"313",-3.45346079822866,-0.811382876970979
"314",-1.20301341601356,-2.28129588857621
"315",-0.704092913165234,-1.41471681445801
"316",1.40704780551379,1.7920245747572
"317",-0.211342668007549,-1.49559727512064
"318",-2.51729725612034,-5.04217288676909
"319",3.36887141618823,4.72010329094901
"320",1.82278258359193,1.90552315509444
"321",0.474860544982052,-0.858619526881846
"322",2.43621722065162,-2.40461638123765
"323",-2.67754857446994,2.06401296939315
"324",1.3216405955796,7.63980802966982
"325",-1.04582475262684,-0.264825274496535
"326",1.36749104370142,2.5884824734283
"327",-0.121643909320148,2.37005208309022
"328",1.2659214260629,-0.580759940136331
"329",2.67103523011878,1.03378044046413
"330",0.0145801806337976,-3.44476495587842
"331",2.03511727390418,-0.150330236506024
"332",-2.37686807029596,-0.300144679920144
"333",-1.44320888087203,-1.51951775104856
"334",3.03843542277636,1.54655995643848
"335",0.754775946047859,0.265485261926076
"336",-4.10444564086746,-6.39522363155506
"337",-2.72807490416475,-0.097988819243747
"338",-0.401562031178242,-3.1480010981367
"339",1.73155880866898,0.708372900803538
"340",-0.203766511430445,-1.00957515654745
"341",1.24837494404131,0.374256079914452
"342",1.91801075557565,4.16663888059574
"343",3.34210965772588,1.00825144169108
"344",0.112033466549924,-1.49337343816634
"345",-0.103963812361798,-3.10688446792286
"346",-3.50647471828454,-3.89060473010745
"347",0.198655188175655,-2.2032435424213
"348",-1.14370011579113,0.0724873172323595
"349",-1.94801916560818,-2.99222094966107
"350",-0.359812462095081,0.37420596969447
"351",2.02988634548732,1.02657114887091
"352",-3.98549697737716,-5.45769739511677
"353",-0.854558574410857,-2.13667864481245
"354",0.233274567165413,1.92185337877287
"355",-1.78641514010991,0.644982330837696
"356",0.66780588499845,4.44522037385025
"357",0.822859841231461,0.527698280000888
"358",-0.0660723185519835,-3.03460063502307
"359",-4.93179638752005,-4.74250170591835
"360",5.14291629173328,4.15987259930693
"361",-0.410598514936399,3.53338363508078
"362",1.30238656317534,1.06656951294342
"363",0.547532982073096,2.63667008860445
"364",2.0493464696367,2.86823781464838
"365",1.63531889274818,-1.27322596394835
"366",-0.419586342457017,-0.614956427126778
"367",0.756335544417014,3.10214117656643
"368",-1.89081766224779,0.523160738730767
"369",1.71384602179864,2.04159219730471
"370",-0.922076677768708,0.354878650204098
"371",4.83354670757642,2.15899475950587
"372",-3.30209779137637,-4.78513419108305
"373",-0.92797448593203,1.9876681658068
"374",1.65075972551848,-1.76744516174684
"375",1.02026509375733,-1.2146195284694
"376",-1.17896207703,0.49160463497018
"377",-1.99356148441504,-3.82020406364898
"378",0.288951409421393,-0.915922410421678
"379",-0.0286148263338268,-2.38419865068194
"380",-3.58056247452812,-1.08603849298538
"381",0.0691021342677021,0.937542420550198
"382",0.380460631384914,1.09106879694757
"383",0.349452793963683,1.11207386036767
"384",-2.11003408520536,-0.257030662625608
"385",0.952266556605258,1.89768624573445
"386",2.75714027391848,-2.14518193530143
"387",0.912472806359625,0.29547460141402
"388",-2.27117694074869,-1.25133738638284
"389",-0.87129093938381,0.883013294696043
"390",0.692207239107213,-1.92503744659088
"391",-1.29409126263654,-1.84035970034558
"392",-4.31529267003055,-4.95222621702218
"393",1.76850164005642,3.26400649145603
"394",-1.65895522324904,1.47982427130679
"395",-1.14712054153657,0.829725098719698
"396",3.00780121800907,-0.489735973448086
"397",-1.54828985921081,-0.102484175013719
"398",1.69146308037859,3.40034937500792
"399",-2.52136575763755,-1.30300578099149
"400",-0.709084806147955,-1.59312378978811
"401",-0.147112038272957,-2.26785930610012
"402",-2.33730284884871,-2.84985244287197
"403",-1.26949652981782,0.604523967517096
"404",-0.0576831058566289,-0.900816219570664
"405",1.34139193746786,1.32713463923428
"406",-3.30109308685022,0.444181084887968
"407",-0.699508478422537,0.701989369964261
"408",1.51281287709097,3.71267393305621
"409",-1.07761831995518,-4.10361151329168
"410",0.454583843345884,-0.26587306125276
"411",0.984457140128863,0.770033180068147
"412",0.535670030663366,1.50536410314822
"413",1.30651535894276,-1.48917825974514
"414",-0.24541732195476,1.45284845162398
"415",-0.827353027184241,0.0770006846549103
"416",-5.28629790405796,-2.90848161042824
"417",-0.185882036958944,0.896146259186778
"418",0.860569392719974,0.326653225513994
"419",1.0707976817363,2.54711069012682
"420",-1.1105567026265,0.574597690755753
"421",3.5590058195503,2.0129350343723
"422",0.572848839257649,2.45310578419887
"423",0.252631716917771,0.749327985888915
"424",2.54453355893704,2.991449612188
"425",-1.43693244263852,-2.12236137096348
"426",-0.900677247849424,2.57542346286972
"427",4.79490496009953,3.10871033536472
"428",0.0222583744417759,1.71015348117411
"429",3.26713684281661,1.92340589604542
"430",-2.87701328982905,-2.42931845235008
"431",-0.381033604085803,1.32120464790424
"432",0.756847807273664,-2.67728221445447
"433",0.600077090411595,1.3467824043556
"434",-2.01127251902167,-0.520194391374459
"435",0.0385185492507416,-5.36562168123605
"436",-2.15484130622396,-0.663892191979063
"437",1.42540665048856,-3.41032117187644
"438",2.16955017972129,2.72981637060428
"439",-4.44997539297483,-3.80031147219602
"440",2.47138692460029,0.216527850520398
"441",-2.48208899361698,-1.62705045219637
"442",0.909538537965266,3.3373041396454
"443",1.31980527628522,-0.412772724850397
"444",-0.399779656202866,0.85634981136569
"445",-1.29022791371958,-0.156332407073975
"446",0.330642042484101,-2.14411993066845
"447",0.877637401428907,-2.91157972373915
"448",1.76660563989741,-2.83687787654497
"449",-4.10467396780391,-1.56548965613676
"450",-3.27275853611805,-2.19677717153933
"451",2.86080468237637,5.56066645076588
"452",2.09325769422309,2.5079677177711
"453",0.870577897815364,2.2652674157452
"454",1.43035681422212,3.59849909991429
"455",1.83434983528201,0.190889197003357
"456",-5.32184559693136,-2.43900378154841
"457",2.22055419327764,3.18094676611877
"458",-0.96997519312465,2.10821950047503
"459",0.461233661262404,1.8251041724733
"460",-0.590315601767154,0.458589204926015
"461",1.74392990815749,-0.602893654240079
"462",-0.696944897911222,1.00610653827309
"463",1.0370075317765,1.6745866404913
"464",-0.781369957277958,0.760610035183148
"465",-2.18557441820301,-0.573333280687445
"466",2.42002102088053,1.16933757415234
"467",1.48180002254855,0.809438217788528
"468",3.44852447831291,3.61626913746642
"469",0.130307865158606,0.427963126202175
"470",2.25000549165635,-0.197713579077351
"471",3.95083810803816,1.98772653061347
"472",-0.562964230077933,-3.00417819790367
"473",-2.64590222551043,-3.6539002519196
"474",-0.478703134276232,-0.600379177550586
"475",-0.428082479970767,-3.87451872473085
"476",0.303361009018639,-3.17990029332104
"477",3.42460995463856,4.43112686938724
"478",-0.652287785010696,-1.57722490867983
"479",0.746009311609831,-3.21847740655659
"480",-0.455368129791062,-0.52171576322214
"481",0.0409014170500651,2.66872445552557
"482",0.628115327012524,1.73278355642742
"483",2.65642939207397,2.60944550155536
"484",0.242636754981556,2.52520571529769
"485",1.42568464006223,-0.61630786616134
"486",1.55772005956707,2.47189642142267
"487",1.82954654171127,0.0150340205546045
"488",-1.14878910436877,-0.74518454511467
"489",3.25376242838935,6.54387621713333
"490",-0.761913478588026,1.4436250303363
"491",-0.211568335299504,1.39849600948975
"492",2.80810053542834,-0.391390475607897
"493",2.58816781229116,0.109837237999828
"494",-2.17998374482248,3.15124352638859
"495",-1.74614200083493,-3.32159382848932
"496",-2.71615811874123,-1.33654402661165
"497",0.363694385239664,2.02154346967993
"498",0.329681735836932,2.25180907297852
"499",0.728229374710126,2.65157311540006
"500",1.10431542843712,0.391547048713696
"501",-1.20378569197003,-2.42443409402052
"502",-1.98739718219743,-1.90632263440561
"503",2.05357011214981,-0.469375444181551
"504",1.50212260521265,2.23051717961819
"505",-3.0183330746574,0.278793558324902
"506",-0.190294901698574,4.13073541888298
"507",-1.791895645513,-0.432503403720011
"508",-4.14150214108393,-4.44153914609192
"509",0.300240262376287,2.24410589653104
"510",-0.158423418517176,1.70654256535446
"511",-0.194738535026162,-0.603077439572658
"512",0.432305083602465,-2.83471150340303
"513",1.76493032879317,2.66982450450339
"514",0.411195008966773,2.52556554711166
"515",-1.23287168574706,-1.39158225714745
"516",-1.46959850384256,0.117246609218386
"517",-0.263605586082362,-0.723124580454557
"518",0.620033973157904,1.76765257282766
"519",-2.07936070540408,-1.58616588794235
"520",-0.368617737684768,-0.928953257335223
"521",1.93453452033583,1.48068843461271
"522",-0.216560182468972,-0.707574748569423
"523",-1.39684133518878,-2.08998119678128
"524",-0.551890336851079,-0.990602581437998
"525",2.22929709072396,1.4327388043195
"526",1.10008792242827,1.13004743101532
"527",2.47335160016321,4.67252578335776
"528",0.278195714323542,-2.53516844759667
"529",0.82055019298085,0.134119524331668
"530",-1.11691382469627,0.53705226950908
"531",1.21074133786067,4.31102367649517
"532",-1.01266708437848,0.193795120384979
"533",-2.84113100939149,-1.87424198905527
"534",0.255985931368252,-0.448722963803355
"535",3.89170243546287,3.35822291126745
"536",1.60182867914612,3.01930448183776
"537",2.33050677989252,1.14711278583803
"538",0.717711446186304,0.794035253714213
"539",-1.21711435663245,-0.357251643522324
"540",-0.404481710220568,1.19564215677594
"541",-0.54649621362385,1.86753827519387
"542",-0.937399559564174,-0.0509880798374512
"543",1.40833456785943,0.763076126014271
"544",-2.39472700473082,1.23275371134212
"545",1.73273226422555,1.45534420695777
"546",1.72830497245179,4.27910218968062
"547",-2.3972447181375,-1.68205438202847
"548",1.27898399580107,2.05918552565806
"549",4.86045330468902,0.0671174595573834
"550",-1.11443096388322,-0.949164049198906
"551",1.68980848281614,1.05478643390872
"552",-1.56440369123881,-2.53355323413832
"553",2.2214228364056,-0.627860925180957
"554",0.499649439853125,2.22109074100815
"555",3.30383078324633,3.97580747696555
"556",-2.91794145707383,-4.49412593679091
"557",-0.102595772250722,0.782070337905714
"558",-1.0538503522512,-2.91009336887345
"559",-0.394529738152598,-2.35859078216231
"560",-1.25915748537201,0.232372531040904
"561",-1.66768716107,-2.45604465488161
"562",1.1574447492329,2.73929905124581
"563",-2.17516142815385,-1.33680773014931
"564",2.96806186311257,3.00153816259462
"565",-2.3724131706275,-2.5893219566802
"566",0.202158302790559,-2.17103977307332
"567",1.06597857365296,2.52239055487994
"568",1.17347067818525,1.23889892394584
"569",-0.603493327732761,-0.870406181935707
"570",0.159003990656802,0.241823247018394
"571",1.92252830361935,3.90146008255107
"572",-2.91293183415285,-3.2897389614395
"573",-1.56347942306416,-2.51507851391807
"574",0.640804628633221,-0.822707096803116
"575",-0.889563956673983,-3.74819910825782
"576",2.740007987942,3.42026146716979
"577",1.34650772670967,1.25996931584978
"578",0.144333504829512,0.50816072657504
"579",-3.01551463507336,-2.04677922149306
"580",0.0522004506524836,-0.986390589924105
"581",-0.632831736393986,-2.05817785620854
"582",-0.204693027041196,1.57066233900857
"583",-2.36311845411137,-4.38839634101269
"584",0.997316087659849,1.52885334090972
"585",-2.07791288061407,-2.93586667391451
"586",-0.452443962884819,0.270531853215802
"587",0.762851658902705,-0.985527466093548
"588",-1.5670315780261,-2.06525389108502
"589",1.16598281136013,4.29662066143811
"590",-2.63302080330339,-0.374898284280175
"591",-5.61954935792108,-7.94250113120002
"592",0.929935981571705,0.857283220222242
"593",1.681079653922,0.18907590253485
"594",-0.571690847182768,-2.64485142622414
"595",1.00825250918322,1.07493591183148
"596",-2.31183305016734,-1.24276045057005
"597",-0.254297213651324,-0.822306334009528
"598",-3.88303675208124,1.4214332458221
"599",2.36236178287704,-2.96184497476304
"600",3.71982172308632,4.09432289456309
"601",2.14802452056398,0.81816939744144
"602",-0.0546939328274836,1.2774757648209
"603",-0.0666606845518385,-0.95132484623606
"604",-3.0321352463022,-3.15861703498663
"605",1.58077068777646,-2.39325838573456
"606",-0.421468361383551,-0.692851291444785
"607",-1.31348585072215,4.10372579974478
"608",-2.82405158531662,0.143770885802937
"609",-0.599524993292544,2.9614530660135
"610",-1.69812227003342,0.726151161106361
"611",-0.794061040655673,1.77238573949752
"612",-2.43519997552719,0.222872844905537
"613",3.3751789658914,3.14465119135961
"614",-0.0320050544159377,-1.18586083336438
"615",2.14989015454477,0.331559125807151
"616",-5.2033993405153,-6.58388956408552
"617",-0.906395659989675,-0.600792606753274
"618",-1.35096458318414,0.920584372643733
"619",-2.44585235873183,0.47404107987646
"620",3.09321830844819,2.20085730940216
"621",-2.83056383953898,-2.93512173014416
"622",0.63678052081605,6.9949422251675
"623",1.69287257115938,2.57373823375445
"624",0.356380376836046,3.0727978547017
"625",-1.75051095499103,-1.81319340207882
"626",1.88233161344833,1.14760029463223
"627",0.341176163681676,1.11897870180654
"628",-2.12699581276409,1.97049734559993
"629",-2.77609809520412,-2.42741285279494
"630",4.17343486898629,4.41996399840723
"631",-1.35700629083687,-5.07168335768443
"632",-3.71114330783608,-3.42675201825672
"633",1.0665187255073,-1.89078098194688
"634",0.620460512121791,2.63002476759336
"635",-2.7076686714452,-2.08889081299989
"636",-3.8859128271639,-3.30659150167002
"637",-0.232605034317211,2.58700642009096
"638",2.27879258341884,3.7137608957023
"639",1.2722480703643,-0.969081161198201
"640",-0.985874848323955,0.214914323808723
"641",-1.66837646316876,-3.54133383808419
"642",0.54213351350109,-0.598843264646649
"643",0.314706694432315,3.43771462567491
"644",1.25942349338546,3.71888117336143
"645",-0.791595900577793,1.70350017555811
"646",1.7987081064062,0.0273524965033813
"647",-1.6616230546725,-4.84291792608823
"648",-0.661089400239926,-2.78110447820427
"649",1.48162904745181,2.86817193009872
"650",1.97994321725423,0.705827318885071
"651",-3.87700940290676,-6.84527240302535
"652",0.214380814032306,-0.221027446311925
"653",1.21755802346926,3.61189115750417
"654",-2.90164862698126,-0.599134326498753
"655",0.961251199750434,-1.01770380722106
"656",-1.65634854079359,-4.16845985564589
"657",2.04050602432886,-0.326765535459819
"658",1.07696406420528,0.769081984376478
"659",1.53810458999122,2.77591538531841
"660",0.241438658574068,-3.72294518150737
"661",1.72729686831551,3.16914647495332
"662",2.76102905662908,1.80558433998494
"663",3.93249603091127,3.69568035930398
"664",-0.05679010949813,-3.34342469764353
"665",-4.49810218066481,-4.25707517767649
"666",0.0630520091879834,-0.855484572558858
"667",0.411122416899949,2.35501226760302
"668",-0.310690694288797,1.85439914350311
"669",1.13657724155415,1.60895612550687
"670",2.02135592902853,4.52230571711631
"671",-1.03596486033564,-1.7041995587089
"672",-0.588190654312221,1.6427504622449
"673",0.795684417600678,0.445314811859003
"674",-1.10044748297828,-2.0499750562887
"675",0.182534766976471,1.96540767519638
"676",-3.9234151977706,0.211980783148106
"677",-2.23979944279525,0.300631194552787
"678",-2.65551095120825,-2.74488902912989
"679",-1.70724739345448,-2.04928607405561
"680",-1.38660905586133,1.85405580730214
"681",0.76461028509274,1.20264949814578
"682",1.96422600504528,2.93589486192167
"683",-1.45476705817507,-1.62300255514241
"684",-1.99367796475601,1.2261791958379
"685",-2.08337771797902,-2.97170580661075
"686",-0.829177452727347,0.711737697460486
"687",-0.478058136305128,-1.94508771973456
"688",0.967235067676539,-4.29644723918179
"689",-0.64264968433678,-3.10363731617825
"690",-4.15697853772005,-2.42944565109771
"691",-0.182868551100277,1.64698094103647
"692",2.37437362130311,-1.95926131234261
"693",2.38320253702065,-0.953767288775629
"694",-1.57792643622246,2.50343980960637
"695",-3.09555308727514,-2.87990820637537
"696",4.91612098373055,4.20687890328606
"697",-0.324843884958839,-1.26501916797789
"698",-0.194902500211234,-0.723852395440312
"699",0.841148377396294,0.721234858518066
"700",-3.22807891323824,-2.07632760800684
"701",-1.45643822238258,-1.3318052666328
"702",-3.08088481058002,-2.94216809716449
"703",-1.38618922802119,-6.99674477781122
"704",0.237698866009122,3.89181526357334
"705",-2.72941891597382,1.80672612110309
"706",1.17996535873463,-1.43518600026096
"707",0.578688057634672,0.0399321932426006
"708",-1.80843005124128,1.57507107611816
"709",0.452649884762127,2.29080247119979
"710",1.49616232498769,3.52570874873354
"711",2.12219050652348,-0.764070007079328
"712",-0.425696557293055,4.87783343015545
"713",-0.187273587822091,-2.38864775162501
"714",-0.17342826996385,1.39510430829007
"715",2.88292351211009,2.15645224376294
"716",2.25014378455599,0.65517282403733
"717",1.66880313551408,0.325890441722112
"718",-0.574681599681386,-2.35633666485491
"719",0.746482868332812,3.73053345592994
"720",0.806580662441392,0.703303886112407
"721",-2.08334658857864,-0.835739384147364
"722",-3.45660903064149,-1.8275302037949
"723",1.28366005530323,0.0840375298253679
"724",-3.05862106236084,-4.25614618004464
"725",0.00336737696841982,0.509641414397396
"726",0.500495642696662,-3.86195673216502
"727",1.12773478061177,-2.10410627827358
"728",0.378852475029621,-1.90653928110751
"729",-1.46570761259425,-3.11006767353097
"730",1.97273171979092,1.49665325099826
"731",3.47726753381249,5.45719899362761
"732",1.76235761785089,-1.88511583652686
"733",-3.88730180264795,-1.65939413052795
"734",2.79915237080589,3.61853854766591
"735",-0.112111892372536,-2.0519371346199
"736",1.04982855863858,0.576789760070119
"737",1.24406647174212,2.45586501187649
"738",-0.19337214641341,-0.636710100263494
"739",-0.150526395297453,-0.53921085144577
"740",2.0383141386618,1.94035777255141
"741",1.42320384497249,0.805055992565575
"742",1.98052449208846,0.176035139979065
"743",4.76585339046065,2.82057466487764
"744",1.32883172738817,4.62942020757526
"745",0.414762314770614,2.01693286381296
"746",-4.42126622115124,-4.70301718940355
"747",5.38342800649223,1.00939295955731
"748",-0.965353643592616,-1.34744434970042
"749",4.74946943019079,5.74470453151998
"750",0.749287136009975,1.07239487524039
"751",3.07686039779359,0.596948784884509
"752",-0.219420642352478,1.62184571810693
"753",1.02294150939625,0.398171203661779
"754",0.427915959284524,-1.9632116250479
"755",-0.372241398746991,0.680427999238033
"756",-0.240787649244987,2.89177364834838
"757",2.02566867168851,2.18562123286319
"758",-0.402916293942999,0.122105151214908
"759",-4.0753649888816,-3.96147349960716
"760",-0.391778497659656,0.882141038260279
"761",1.07958121107255,-1.43941328258362
"762",1.23291143270288,-2.50490561770491
"763",1.23313563495487,0.714832625733156
"764",-3.38420304173816,-2.26891898872788
"765",0.737484116022388,5.20947573942017
"766",1.93571841989413,-1.17447764285261
"767",2.55315736293531,2.00136493260604
"768",-0.449922542088232,1.31765653488704
"769",-0.643785172365602,1.68272532619413
"770",2.97567566375608,1.9127402121228
"771",-3.33585609155864,-3.65481874237162
"772",-0.87365995382625,-0.699447073727037
"773",0.914924158714909,4.47421268703901
"774",-3.23554753076245,-1.13762787864393
"775",0.559255724863515,-3.72543792395486
"776",3.75572804210439,5.28814148466835
"777",-0.00812130687268116,1.07572647236292
"778",-0.556908049927172,-0.429133776127712
"779",0.949823428068108,0.581657986024073
"780",-0.558144341574613,-0.662373261610305
"781",1.62680074815813,1.57053944821328
"782",1.80887092889939,0.168032237710571
"783",0.00538332246024181,0.557521662919173
"784",-2.35338431549945,-3.39241185471613
"785",-2.63644145491818,-1.3133931951473
"786",-1.18599473131063,1.44277826598098
"787",1.59476100109967,2.05500687802239
"788",-3.91641034931385,-0.478167374151777
"789",-3.77265031746509,-4.63396022995754
"790",-1.30755964952021,-0.74032820324294
"791",0.788789695961169,1.74721390781889
"792",-1.82713209632998,-3.32364559808106
"793",1.77349807419212,4.2844024223418
"794",0.666739940310365,-1.63623506076879
"795",-0.34127923647722,0.107205913301487
"796",1.63765627306356,1.36814123820147
"797",0.776730325638735,0.748215315598887
"798",-0.891870054424312,-1.00056470266274
"799",0.46222986883632,1.20032298903602
"800",1.29502671595518,-1.22056161842406
"801",0.712566689724094,-2.11556002812578
"802",-1.31602041589896,-2.16455054656081
"803",1.71040441012838,0.99711465888789
"804",2.30587245111723,4.01231273394029
"805",0.552549113086673,3.53406520323542
"806",0.288209324924374,0.826298986290335
"807",-0.151250161559676,0.664870640372507
"808",4.32283169260558,2.32255083291473
"809",0.552631064271586,0.455316359882599
"810",-0.316588057399888,-3.01487395951351
"811",-5.01583560439451,-2.6804256850649
"812",-3.13056353006107,-3.10597345912718
"813",-0.15534640122113,0.568382385407363
"814",0.412588089686196,-0.423780420012976
"815",0.553744917723229,-0.963297273152795
"816",1.64301356089724,0.629736060979111
"817",-0.388304818640913,-0.986207953384007
"818",2.42917758896512,3.76812184851207
"819",-1.84303208573916,-0.779554690856196
"820",-2.41688544088613,-0.705992684269555
"821",-2.45797235510763,-4.07938920242151
"822",1.48459404837304,3.95862955069851
"823",-0.165839884678452,0.21094495728053
"824",1.579635843641,-0.685799508439858
"825",-0.535412843114169,0.270074942869432
"826",-1.18378420442563,0.971408326813098
"827",-0.736705150253012,-3.24621262426758
"828",-3.70523364848346,0.971812068546875
"829",-2.33923052082823,-1.83656124889507
"830",-2.8840692927169,0.367696521031304
"831",2.1086445439507,1.51514159174578
"832",-1.1946601827256,-1.44137480790509
"833",1.57891970558036,-2.64354228462649
"834",3.03298120338392,-0.228906654974837
"835",-0.383549618219884,-0.331987851677787
"836",0.567757812704703,2.02474766849234
"837",-3.50213503879216,-6.03974508352405
"838",-1.63733955503961,1.68661151387274
"839",0.112429698765677,2.87106023280364
"840",0.598173806672305,-1.89781953748488
"841",-1.51879623459776,-0.042616428102326
"842",5.3697179984536,1.42303827228642
"843",-0.916780278184778,-0.846307138196673
"844",0.128487113260076,1.94084210131242
"845",1.29958373430704,2.58140872269712
"846",-0.0520372695479906,-1.73217343247315
"847",-1.28713477405423,-1.60991051208638
"848",2.09061132792661,-0.593429778842035
"849",3.2310906464144,2.77929623997919
"850",-0.0593879420996708,-3.15675249123233
"851",1.12453469080613,-4.52770333407874
"852",-0.19482499700526,2.8129883156923
"853",2.03291043540432,5.86833760900226
"854",-2.31233478851971,-2.41308469301547
"855",4.64172044798895,4.5393232653826
"856",-1.20706249557668,-0.799596189544281
"857",-2.91769882887618,1.05212336066246
"858",-0.701835654386139,0.652094689787772
"859",0.293416968290004,0.598048959620804
"860",3.24724241536046,-1.48756533354745
"861",1.82241935354264,3.35048394139822
"862",0.284916864091573,-0.516511268434188
"863",-2.77896704797632,-4.61330875061466
"864",-1.73207548934423,-1.52944239790041
"865",-0.326569864458588,-0.465826731482689
"866",5.10605222692119,5.43734769283108
"867",-3.72045514843683,-4.75308791101193
"868",2.26210930369204,0.355083792762938
"869",-1.05446851446784,2.29083532236222
"870",3.33198179997484,4.88311970752371
"871",-2.27840127994681,0.845468255839298
"872",0.287246469325495,3.50975809575733
"873",-2.1991018834055,-1.02135426455378
"874",1.80703285272335,0.0108039805306279
"875",2.96755897747617,3.03932145908635
"876",3.9014420128023,4.65338355997335
"877",1.59520131517904,5.86414739780847
"878",3.68653250915564,-1.53371853447121
"879",2.49284781732329,2.16682248739378
"880",-0.26374982364803,1.13815178036807
"881",0.9540744765694,0.510951099049344
"882",-1.94398842295187,-4.37923697188894
"883",-0.370404338801988,1.2422389639512
"884",2.44192741669764,0.0290813383256294
"885",1.0825682869647,1.71539238418808
"886",0.91471466325066,2.40966794314863
"887",-2.07626207937441,1.21834366935582
"888",-1.20902646066823,-3.90159479420549
"889",-1.52921202750714,1.16949587847859
"890",0.790591740026998,-1.00007808287449
"891",-1.98101526093312,-3.86569886730445
"892",1.1240827801981,3.35929513896764
"893",-2.23283282386708,0.841178611016347
"894",3.65706091627073,1.89192306016597
"895",0.921182698956208,2.11785016679822
"896",-1.40200722450654,-2.63195617877537
"897",0.482091865002447,0.011296554147503
"898",-0.704906398455912,-0.645635626518087
"899",0.742295919519314,-0.0789877613204542
"900",0.487065437520601,1.78479000738288
"901",-2.02822834532295,1.75630664653197
"902",-1.58262775763894,-1.94025016802312
"903",0.599187369479127,0.324154885449975
"904",3.27810381750312,5.40428217970803
"905",2.16923401734184,0.751918170219123
"906",-1.24913494723619,-6.02001405691773
"907",1.65184580329499,2.10166734503761
"908",-0.0971367055125771,-1.83607488080569
"909",0.602627303436809,-1.60536906477393
"910",0.520722981473117,3.18010356512723
"911",5.15089952744678,8.24408070687087
"912",-2.37057762117445,-3.62044053657048
"913",0.201839718025714,2.19324618005023
"914",-3.55995457593523,-2.50226615109717
"915",1.17967184591752,1.05040161828728
"916",2.19321694344281,3.87006441615063
"917",2.89132448220231,2.30670995031363
"918",-3.85029050367424,-4.20541953510977
"919",0.82553899438806,-0.404217403133484
"920",3.1867399027673,3.44365144739649
"921",-0.828031726084606,-5.2101152856748
"922",-0.424301064163899,1.91469307199041
"923",-0.0730744444094825,-3.18179858653064
"924",0.730037502866071,0.518386502499711
"925",1.33031975149194,0.483989883285839
"926",2.63564176742296,4.29930612087362
"927",-0.190975180889985,0.253564762534769
"928",0.392556090944938,0.459039728924633
"929",4.97599575444292,4.6306688581051
"930",0.862197856229982,-1.09360050583138
"931",0.377506218659667,-0.146418670003968
"932",-2.6844862505669,0.610252764747053
"933",0.00571209524445319,1.3706601038686
"934",-0.442652306333762,-2.838717412622
"935",-0.0220916596187476,1.26155315606958
"936",-1.15083528254233,-3.50322218285996
"937",-1.3736313048854,-2.08948195561485
"938",-1.44154726364024,1.48483504634785
"939",-0.429009030799548,-4.78094622091141
"940",2.73626529605725,-1.77945593932444
"941",2.09817325311866,3.96655796017998
"942",-0.719950235886113,-2.09755322143128
"943",-3.37183290907748,0.295722646257461
"944",-1.68916685707191,-1.43445885860895
"945",-0.915521066481016,0.260462663513187
"946",0.207276008456608,1.76128718475527
"947",-1.32521455140163,-2.16381319713115
"948",4.01336138166378,1.99950305178825
"949",-0.544535068836702,-1.18414213403513
"950",-2.42788894047902,4.05404074073339
"951",-0.282523514565027,0.0686538537278914
"952",-2.01075516318683,-0.361390009849267
"953",0.312311414550653,-0.478504662423975
"954",0.467267228179739,-0.179857586992389
"955",0.711175223256769,3.21977323283153
"956",-3.24371651824843,-2.78618307593626
"957",0.441422581941298,0.327197283783365
"958",0.620900161083292,1.15750943298627
"959",-2.84221689500898,-2.71088847183159
"960",1.91073127946082,5.1601036440036
"961",1.56834175818868,-1.83749708161971
"962",4.59923872230889,7.01209112919203
"963",0.313405974751456,-0.499469894169912
"964",0.0934670550360014,2.77499287947238
"965",0.193171668164873,-3.87279323770777
"966",0.139532461800601,2.0028573430273
"967",-3.69694555067533,-0.650152077985236
"968",-3.34225411728449,-4.71489911935509
"969",-0.155077933582407,-1.63744841380782
"970",-1.162134761133,-0.368337903796005
"971",0.109473050114851,2.35882834016867
"972",-4.22241674652106,-4.27656949329604
"973",-2.99739650905352,-2.39655972899138
"974",-2.20296687787748,1.71076539933431
"975",1.97211644212049,-0.972818794324663
"976",-2.19698001418023,0.467550952216565
"977",-1.59902790715306,-0.141831761179697
"978",0.159747637348105,-2.10779309283638
"979",-0.645492723650218,-1.7553059547202
"980",0.292834357335925,1.75689735287275
"981",4.61012396409138,3.49449944208365
"982",-2.24920734251647,1.38821178229924
"983",-0.610939279819609,-1.60067845606592
"984",-1.03351889948747,-4.10076267742581
"985",3.02479085366491,4.06176790783872
"986",-1.53896984578056,-2.21757363662562
"987",-0.164173807551437,0.133968078736678
"988",1.57426722864542,4.46135732632312
"989",-2.1171810718968,-1.87699580135531
"990",3.31035163148402,5.25083921525857
"991",1.35152483094849,-1.31578815974837
"992",-2.14841321906071,0.454553879843012
"993",0.909155618115476,1.08454957551706
"994",-0.426614286466137,-1.75084236490589
"995",0.626457543988669,-2.15282047418667
"996",-0.179950394031327,0.0363195710686534
"997",2.14103207355669,1.90200037272001
"998",-2.70220077140667,-1.20153686734498
"999",-1.04523339439183,0.394310338108406
"1000",-0.498381355510798,-1.24491901303544
